X,Y
-0.13013106633298044, 69.04019336672397
-0.21210127540270207, 68.37746380603522
0.0048045085971764045, 69.9131536525571
0.2923307804109685, 70.60698520039179
0.21414381175984953, 66.06601712724161
0.410872313527181, 65.54920967165864
0.37808422989929236, 69.82047128985904
0.6353445783642644, 71.19815680569212
0.5529540092480314, 64.99693503775136
0.6185301765038087, 70.46901397921806
0.8453144215967048, 71.82563355012334
0.8862995261315656, 64.54472851411626
1.2196450430150998, 64.17105645677074
1.2597193674491853, 72.367352476196
1.6174737910334809, 72.7642470907777
1.6189870872009218, 63.91031423370512
2.0225327318518582, 63.58029687206633
2.0502764949216097, 73.29245471082206
2.50930966571205, 63.43257913666076
2.5420977493399386, 73.79134762225141
3.001130920130379, 74.26906879968104
3.0339190037582675, 63.214980759441396
3.4273760072929305, 74.7554758167003
3.558528341804484, 63.50731354812987
3.558528341804484, 62.89170466721487
3.7224687599439275, 75.26417648866628
4.083137679850702, 63.552280863505345
4.0722083186414055, 62.78108084910805
4.083137679850702, 75.79584638088039
4.312654265245921, 76.38667649163276
4.607747017896919, 63.712516508434874
4.607747017896919, 62.671301487628014
4.535613233915565, 76.97470783185068
4.695181907571288, 77.57764986336414
4.893471746654234, 78.38181384537069
5.132356355943136, 63.78851760484413
5.132356355943136, 62.587700281577824
5.066780188687359, 78.98873688669606
5.165144439571025, 79.42700987598947
5.26350869045469, 79.92355037252996
5.656965693989354, 63.883518975355706
5.656965693989354, 62.46989858214347
6.18157503203557, 63.97472029104682
6.18157503203557, 62.35969699235005
6.706184370081789, 64.06972166155839
6.706184370081789, 62.24569534773616
7.230793708128005, 64.1609229772495
7.230793708128005, 62.12029353866088
7.530930781337138, 61.01213909063202
7.755403046174222, 64.2217238543769
7.755403046174222, 61.9439709949914
8.030822948648485, 61.59223068260969
8.017707715197332, 60.71427325508958
8.280012384220438, 64.3357254989908
8.542317053243547, 61.766888440357825
8.542317053243547, 60.64967232314171
8.804621722266656, 64.41932670504099
8.837409805894545, 61.74408811143505
9.066926391289766, 60.588871446014295
9.329231060312875, 64.46188731903017
9.591535729335984, 60.57747128155291
9.85384039835909, 64.60932944606414
10.116145067382199, 60.50907029478458
10.378449736405308, 64.68913059729385
10.640754405428417, 60.43306919837532
10.903059074451527, 64.78413196780544
10.942404774804992, 59.86056379642385
11.187222465893228, 60.15718521840971
11.427668412497741, 64.86773317385561
11.427668412497741, 59.680658343923646
11.95227775054396, 64.9513343799058
11.95227775054396, 59.665458124641795
12.476887088590178, 65.03873564077645
12.476887088590178, 59.66925817946226
13.001496426636393, 65.13373701128802
13.001496426636393, 59.61985746679623
13.526105764682612, 65.21733821733821
13.526105764682612, 59.55525653484837
14.05071510272883, 65.29333931374747
14.05071510272883, 59.40072097214954
14.292154627625102, 58.88921056267995
14.575324440775049, 65.32753980713164
14.575324440775049, 59.160050833520216
14.772052942542377, 58.662243652039564
15.099933778821264, 65.32373975231118
15.296662280588595, 58.567242281527996
15.624543116867482, 65.45674167102737
15.793527855565063, 57.53121092524546
15.821271618634814, 58.289838279634196
16.1491524549137, 65.65434452169146
16.28030478942525, 57.35038028235307
16.673761792959915, 65.83294709825321
16.477033291192583, 57.792031098153544
16.80491412747147, 57.10422117564974
17.198371131006134, 65.93554857840572
17.32952346551769, 56.956019037651686
17.591828134540798, 57.81483142707632
17.746400528786555, 66.24769593865804
17.854132803563903, 56.815417009294556
18.116437472587013, 57.87183224938326
18.21480172347068, 66.63247863247862
18.37874214161012, 56.69381525503974
18.575470643377454, 47.50024181011268
18.58952267921798, 46.69587102240163
18.55907660156351, 46.22086416984376
18.64104681063323, 57.890832523485585
18.659262412648722, 45.733866033185755
18.710266098292106, 66.82482172472454
18.75133400101795, 48.24681980367111
18.79770098796648, 45.27954836798374
18.90335147965634, 56.576013555605385
18.942101033034753, 48.98972229584474
19.081864379408177, 49.604179644995966
19.16565614867945, 57.92123296204929
19.13286806505156, 47.577483740749045
19.001715730540006, 45.6926565497994
19.153045347284106, 44.793115367683654
19.27494976077241, 66.77417845445055
19.264020399563115, 50.0763997906855
19.3077378444003, 50.66964263465721
19.13286806505156, 45.35825172559866
19.427960817702555, 56.469612020632425
19.436903022328345, 48.97866759091248
19.438890178911855, 44.11038610455518
19.427960817702555, 51.266070286478445
19.542719110400167, 49.70551444020831
19.690265486725664, 57.96683361989484
19.690265486725664, 51.84874535894944
19.618131702744307, 44.68336198948443
19.76052566592828, 66.99033522357136
19.75584165398144, 66.36495477311803
19.83234718244652, 50.29615153230313
19.83234718244652, 48.641499090478675
19.952570155748774, 56.370810595300384
19.919782072120885, 43.634981151016135
20.044972936881916, 52.33929789031829
20.072793129051032, 75.52521492113328
19.854205904865108, 44.44623856868754
20.177402729197155, 74.71827147045805
20.16420233189242, 50.89771172570006
20.214874824771883, 57.95923351025391
20.064049640083596, 49.596072861378985
20.28045099202766, 67.02996436669906
20.28045099202766, 66.09895093568562
20.083722490260328, 49.12790610749794
20.182086741143994, 50.24258885483375
20.411603326539215, 58.50644140440058
20.411603326539215, 43.21375412191738
20.500599553529195, 75.8961333605232
20.477179493794992, 56.26820911514788
20.477179493794992, 52.83295955744935
20.486121698420778, 51.501903991699905
20.562428511227502, 52.03216133828378
20.633833671128237, 75.44860581595275
20.673907995562324, 74.52367247265207
20.7394841628181, 57.982033839176694
20.80506033007388, 67.06416486008322
20.80506033007388, 65.75694600184396
20.93621266458543, 58.536841842964286
20.93621266458543, 42.83780203167958
21.00998585274818, 75.61939113688385
21.001788831841207, 56.16940768981585
21.0272906746629, 53.06307398824406
20.93621266458543, 51.884212537273754
21.078294360306284, 52.38300491815231
20.96900074821332, 50.393324362712114
21.24322835673748, 75.16226263748129
21.16572924998065, 74.65124574162475
21.264093500864316, 57.97823378435623
21.329669668120093, 67.07556502454462
21.329669668120093, 65.43774139692506
21.16572924998065, 50.07031970297276
21.460822002631648, 58.55964217188706
21.460822002631648, 42.475910144277485
21.526398169887425, 56.05920610002242
21.55098923260834, 53.226265231367265
21.460822002631648, 52.66449046040883
21.577922301302678, 75.05513728254253
21.788702838910535, 58.001034113279005
21.854279006166312, 67.09836535346739
21.854279006166312, 65.1679375046722
21.985431340677867, 58.567242281527996
22.013535412358912, 53.9456517998792
21.985431340677867, 42.21180633425531
22.051007507933644, 55.94140440058807
21.870673047980254, 53.186364655752406
22.313312176956753, 58.02383444220179
22.37888834421253, 67.11736562756971
22.37888834421253, 64.9095337768807
22.51004067872408, 58.56344222670753
22.51004067872408, 54.27698038922529
22.51004067872408, 42.00812339587849
22.57561684597986, 55.84260297525603
22.792018197923927, 58.035234606663174
22.98218908296568, 67.32033922238003
22.903497682258745, 64.68153048765294
23.012791294351707, 58.55710880200675
23.0346500167703, 54.49991693869245
22.99530431641683, 41.93617569127773
23.100226184026077, 55.76280182402631
23.44340812599798, 67.33641767655372
23.428107020304964, 64.4104599104599
23.55925935481652, 58.552042062246144
23.55925935481652, 54.72728688545014
23.55925935481652, 41.7709999750816
23.624835522072296, 55.64246675471165
23.92721451552949, 67.47288186743968
23.95271635835118, 64.14192270314719
24.083868692862733, 58.552042062246144
24.078082560457815, 55.078455592947094
24.083868692862733, 41.558196905135674
24.14944486011851, 55.41384821851294
24.477325696397397, 67.702574069921
24.477325696397397, 63.91391941391941
24.599535826283166, 58.40280354566069
24.582247564006643, 55.1496249781964
24.60847803090895, 41.39859460267623
24.849917555805224, 55.48509842387393
25.001935034443616, 67.77857516633026
25.001935034443616, 63.628915302384684
25.13308736895517, 58.47604096583688
25.13308736895517, 41.30359323216466
25.329815870722502, 55.54176530196938
25.52654437248983, 67.82797587899628
25.52654437248983, 63.4123121776183
25.657696707001385, 58.45704069173456
25.657696707001385, 41.223792080934935
25.854425208768717, 55.66240799476951
26.05115371053605, 67.88117664648277
26.05115371053605, 63.19570905285191
26.182306045047604, 58.40383992424808
26.182306045047604, 41.16299120380753
26.379034546814935, 55.83500286561511
26.575763048582267, 67.93437741396924
26.575763048582267, 63.01330642146968
26.706915383093822, 58.33923899230021
26.750632827931007, 41.0143185828317
26.903643884861154, 55.99460516807455
27.100372386628482, 67.99517829109665
27.100372386628482, 62.80050335152376
27.231524721140037, 58.278438115172804
27.192179020786572, 41.11799855473324
27.359033935248494, 40.61510774435944
27.42825322290737, 56.08010640153497
27.6249817246747, 67.99137823627619
27.6249817246747, 62.61810072014153
27.756134059186255, 58.225237347686324
27.559405557418923, 41.31499339662604
27.869070791682315, 40.28025254329109
27.952862560953587, 56.09910667563729
28.14959106272092, 68.0103785103785
28.14959106272092, 62.45089830804116
28.280743397232474, 58.18343674466123
28.41189573174403, 40.12050949806052
28.49237557337612, 56.169753149344984
28.674200400767134, 68.13071357969316
28.674200400767134, 62.287495950761254
28.674200400767134, 58.726844583987436
28.80535273527869, 58.09223542897011
28.936505069790243, 39.85577234556826
29.00208123704602, 56.21075590536232
29.03486932067391, 33.669283097854525
29.00208123704602, 32.95487279160748
29.10773172873588, 32.49211056013777
29.198809738813356, 68.16618075801749
29.198809738813356, 62.16209414168597
29.198809738813356, 58.58624255563031
29.207006759720326, 31.887057387057382
29.329962073324904, 58.0124342777404
29.166021655185464, 34.36342644505909
29.329962073324904, 31.359892067763788
29.461114407836458, 39.486624163009
29.264385906069126, 34.80929954399342
29.439255685417873, 30.91601671193508
29.526690575092235, 56.264047150344524
29.428326324208573, 35.437575274309964
29.57915150889686, 30.286438105680084
29.526690575092235, 32.82567092771174
29.723419076859567, 68.13578031945379
29.788995244115345, 62.04049238743116
29.723419076859567, 58.464640801375495
29.65784290960379, 38.96233723444608
29.65784290960379, 36.01011686725972
29.893917111724594, 58.009900907860086
29.854571411371122, 29.68925768109441
29.887359494999014, 38.44215195235603
29.9201475786269, 37.02515373263672
29.788995244115345, 36.51172410356083
29.9201475786269, 30.92069741438059
30.051299913138454, 56.26149568496507
30.084087996766346, 37.55141910243951
30.138734802812824, 30.537024577840896
30.01851182951057, 38.031746031746025
30.18245224765001, 29.257368783899395
30.248028414905786, 68.12818020981285
30.248028414905786, 61.91509057835588
30.35107667773629, 58.04753954608181
30.582466867910252, 56.25707917680706
30.37918074941734, 37.195733971244174
30.64148541844045, 30.049350875881487
30.707061585696227, 28.866013804789304
30.772637752952004, 68.08637960678777
30.79605781268621, 61.70500183328171
30.79029287490548, 57.85470277150026
31.12602043205258, 56.31900921308112
31.12862266091194, 28.43591998110948
31.166094756486668, 29.69391908167418
31.297247090998223, 68.04837905858314
31.297247090998223, 61.58828586379606
31.271745248176526, 57.85485867118519
31.62512792727711, 56.252031738912194
31.581410482439924, 28.428923054773392
31.690704094532887, 29.479089315824005
31.82185642904444, 67.90587700281577
31.82185642904444, 61.421083451695694
31.82185642904444, 57.76239067055393
31.798436369310227, 52.676071579861656
31.756280261788664, 51.85381209871005
31.926778296653683, 28.067495618516013
31.920220679928104, 53.23601870540645
32.12887212119648, 51.34437444641526
32.149737265323324, 56.31887651275406
32.17159598774192, 28.430949750677627
32.175239108145014, 53.84672973788619
32.2153134325791, 29.37648783567151
32.34646576709065, 67.89637686576461
32.34646576709065, 61.246280929954395
32.34646576709065, 57.666629289078266
32.45575937918361, 27.994196783312418
32.37925385071854, 54.33854127731678
32.54319426885798, 50.66258538999064
32.37925385071854, 51.77274426254017
32.674346603369536, 56.279609279609275
32.73992277062531, 29.32582043806533
32.80549893788109, 54.835588447833345
32.87107510513687, 67.79757544043258
32.87107510513687, 61.071478408213096
32.87107510513687, 57.533627370362055
32.94926207378799, 50.105864831139556
32.94601929628633, 28.19648033642202
32.98036871722983, 28.916681202395488
33.198955941415754, 56.20577964309742
33.33010827592731, 55.06739179188158
33.43503014353656, 67.52963900369147
33.395684443183086, 60.90427599611273
33.395684443183086, 57.4158256709277
33.39932756358618, 49.580534859446416
33.395684443183086, 29.306820163963017
33.29732019229942, 50.24258885483375
33.44304500842337, 28.120302306243346
33.756353363089865, 56.06236458714592
33.85471761397353, 55.219393984700105
33.9202937812293, 67.33434875781813
33.920293781229304, 60.7522738032942
33.920293781229304, 57.27522364257058
33.920293781229304, 49.10510577857516
33.920293781229304, 29.35622087662904
34.0011710541781, 28.049728251088794
34.24817461750819, 56.09069226853482
34.27627868918924, 55.47717212523543
34.407070715089496, 67.27182324042606
34.44490311927552, 60.59647155565523
34.44490311927552, 57.134621614213444
34.44490311927552, 48.8961027634497
34.41211503564763, 29.419736078628205
34.51047928653129, 28.12500311479903
34.49557561215499, 71.071495398026
34.53389934626551, 70.23883923009286
34.641631621042855, 71.83196697482411
34.59791417620567, 69.64313539823743
34.69627842708934, 67.20603357338051
34.77278395555441, 55.99116702323698
34.763415931660724, 55.400984903692105
34.76458693464743, 68.98319254441702
34.84304413475702, 72.3538411701677
35.01322990215892, 55.24346099856304
34.84928948401948, 68.40685089664682
34.96951245732174, 60.46726969175948
34.96951245732174, 56.952218982831226
34.99574292422405, 48.87740649373301
35.06319269625856, 28.300710411497576
34.83836012281019, 27.969200867160048
35.039772636524354, 67.89366254089286
35.13345287546118, 72.85240836261244
35.1859138092658, 67.42289003513493
35.31706614377735, 55.84206011028168
35.35477243994943, 66.84756173531683
35.443449302488496, 55.32564746558916
35.49412179536795, 60.33426777304328
35.49412179536795, 56.79261668037178
35.49412179536795, 48.842395321987155
35.49412179536795, 1.01921208043656
35.526909878995845, 73.33099812400104
35.58780203430478, 28.439539080938495
35.3629694608564, 28.121203059978562
35.62059011793267, 66.28678221681136
35.77828518680966, 48.607720825407895
35.80888739819569, 55.12165657471779
35.82200263164684, 65.82788035849259
35.953154966158394, 55.787049792880694
35.985943049786286, 73.83477682019955
36.01873113341417, 60.205065909147535
36.01873113341417, 56.63301437791233
36.01873113341417, 1.247215369664346
36.08066418026685, 65.35498464750165
36.09960840636297, 28.542553138471504
35.85479071527473, 28.273205252797084
36.28103580243728, 48.533360387587784
36.27739268203418, 64.75710935574881
36.34661196969306, 55.06055169320475
36.47776430420461, 74.29946923824474
36.44497622057673, 64.3064107903758
36.47776430420461, 55.702000946898906
36.54334047146039, 60.11386459345643
36.54334047146039, 56.450611746530114
36.54334047146039, 1.4942189329944426
36.60891663871617, 28.815346407183142
36.76557081604941, 63.72011661807579
36.8056451404835, 48.32229448555979
36.871221307739276, 54.91538959906306
37.00237364225083, 74.74787570705938
37.00237364225083, 55.590532672165324
37.00705765419767, 63.159879964544686
37.06794980950661, 59.98846278438115
37.06794980950661, 56.25300889586603
37.06794980950661, 1.7260222770426736
37.133525976762385, 28.99141561386459
37.29018015409563, 62.652723441839086
37.33025447852972, 48.04489048366599
37.395830645785495, 54.84065518759396
37.52698298029705, 75.05568014751688
37.566328680650514, 55.56926684157004
37.559771063924934, 62.14689392240412
37.59255914755283, 59.859260920485404
37.54884170271564, 56.06123279592667
37.59255914755283, 1.938825346988608
37.658135314808604, 29.13201764222172
37.85122069617284, 61.68666506081472
37.854863816575936, 47.76368642695173
37.92043998383171, 54.74438713214223
38.05159231834327, 75.34828436869253
38.09093801869673, 55.44410389308348
38.1302837190502, 61.218160524282965
38.117168485599045, 59.74145922105105
38.018804234715375, 55.89504373177842
38.117168485599045, 2.159228526575461
38.18274465285482, 29.314420273603936
38.379473154622154, 47.4482818768533
38.48288172606395, 54.714727217082
38.57620165638948, 75.62948842540679
38.5672594517637, 60.660727028073964
38.55069981356779, 55.33988990289605
38.65999342566076, 59.74103699273767
38.641777823645256, 2.337831103137219
38.707353990901034, 29.536108233630102
38.88222377024977, 60.12779812779812
38.904082492668365, 47.11767710747302
38.97902668381783, 54.67497279742177
39.1008109944357, 75.84609155017318
39.08113814425897, 55.14719294311131
39.166387161691475, 59.634297675114
39.166387161691475, 2.505033515237585
39.24726443464027, 29.690174519717765
39.38934613036112, 46.94089855722508
39.36311566345881, 44.83131079049446
39.513940848147094, 59.21173157907852
39.51976984079206, 54.43640173669328
39.625420332481916, 75.9980937429917
39.611368296641395, 54.94394429671397
39.69099649973769, 2.6646358176970324
39.74127156130046, 30.00501690297608
39.82214883424925, 44.41583813012384
39.878782796879236, 58.71786263622998
39.81559121752367, 46.51346839101941
40.079769491325514, 54.25772160799232
39.98608925238869, 46.087862251127554
40.150029670528134, 76.19569659365577
40.1303568203514, 54.715709385097135
40.2245480424097, 58.26738341024055
40.156587287253714, 45.51025391841718
40.21560583778391, 30.64950620052661
40.21560583778391, 2.8242381201564797
40.2483939214118, 45.06438081948286
40.28118200503969, 29.968029702723577
40.374862243976516, 44.134561691413
40.5434866740628, 57.779870922728065
40.5434866740628, 54.1403014650828
40.609062841318575, 44.64890815911224
40.6468952455046, 58.90827284233877
40.67463900857435, 76.29449801898781
40.74021517583013, 30.99657787412889
40.74021517583013, 2.9686402033340755
40.80579134308591, 30.196032991951355
40.87893399117889, 43.856781859921576
40.96036373733167, 57.349053279082426
40.96504774927851, 53.746394503579005
41.06809601210902, 54.332642144595496
41.11399932918806, 44.12602061581653
41.118371073671774, 59.12573211620831
41.19924834662057, 76.378099225038
41.2925682769461, 43.35143303118184
41.26482451387635, 31.38013007400763
41.26482451387635, 3.0826418479479685
41.330400681132126, 30.477237048665614
41.46155301564367, 56.849617502678726
41.47018145870365, 53.637837835474784
41.530772303302555, 42.64608222884866
41.64735215620171, 54.02035002035002
41.6320510505087, 59.49723512638964
41.72385768466678, 76.51870125339512
41.78943385192256, 43.56044579003762
41.78943385192256, 31.703894744711064
41.78943385192256, 3.1966434925618614
41.87468286935507, 59.76603290889005
41.89872746401552, 42.424947186851945
41.67467555922495, 30.822282026363652
41.935887292127134, 53.2200946661588
41.962742293955685, 60.35001085729948
41.98616235368989, 56.40121103386409
42.117314688201446, 53.79969350377513
42.15666038855492, 21.536468067080307
42.248467022713, 76.60990256908624
42.31404318996878, 43.56462585034013
42.31404318996878, 31.97445864792803
42.31404318996878, 3.2992449727143622
42.41745176141058, 60.76893558212239
42.33371604014551, 59.90790162218733
42.379619357224556, 42.33847482827074
42.45248176528653, 53.16625854559123
42.51077169173611, 55.90720390720391
42.70750019350344, 53.546175560752815
42.67975643043369, 21.97586019339775
42.614600623224426, 21.19007195877944
42.77307636075922, 76.68210361067503
42.543559775364, 60.254466621813556
42.851263329410344, 52.843441027338756
42.838652528015, 43.63302683710847
42.838652528015, 32.32210032975339
42.86324359073591, 20.86689840771473
42.838652528015, 3.3676459594826866
42.904228695270774, 61.489484438464025
42.904228695270774, 42.4177693055244
43.03538102978233, 55.4663975480302
43.16653336429388, 53.34484503726486
43.16653336429388, 22.2111044662065
43.16653336429388, 21.686443563994587
43.18995342402809, 21.20901191455127
43.29768569880544, 76.7277042685206
43.391005629130966, 52.85515577509298
43.363261866061215, 32.720156072196886
43.363261866061215, 20.900338890134798
43.363261866061215, 3.4360469462510252
43.42883803331699, 61.869489920510325
43.42883803331699, 42.59814524100238
43.47474135039604, 34.778899105429716
43.55999036782855, 55.07499190152251
43.65835461871221, 21.983830167087135
43.6947858227432, 21.467335217902097
43.84912165072902, 76.60990256908624
43.887871204107434, 53.06675340640355
43.86236936128574, 52.541441066222404
43.887871204107434, 33.12307045616084
43.65835461871221, 21.098701751762974
43.887871204107434, 3.4930477685579717
43.95344737136321, 62.08609304527671
43.950466636487945, 52.022106820940635
43.95344737136321, 42.75648085852167
44.01902353861899, 34.96130173681193
44.084599705874766, 54.558184445939546
44.346904374897875, 76.53770152749745
44.37969245852576, 52.765825255621166
44.41248054215365, 33.53564783666823
44.41248054215365, 3.538648426403526
44.50355855223112, 62.200094689890605
44.50616078109047, 53.96746980170553
44.517402409762894, 52.18714566936141
44.474413589006325, 51.6702835251588
44.47805670940943, 42.98068409292898
44.5436328766652, 35.19310508086018
44.871513712944086, 76.48450076001096
44.92178877450685, 34.01145692302154
44.93708988019986, 3.603249358351391
44.963320347102176, 62.061729265227804
44.95795502432671, 53.787727443704114
45.007350059402484, 52.42172124387868
44.976435580553336, 51.642746196682054
45.00266604745564, 43.25352802903823
45.06824221471142, 35.48190924721536
45.119766346126674, 43.8538643086748
45.24410557235191, 53.392390138745824
45.22125327164157, 52.684419636800584
45.396123050990305, 76.48830081483142
45.40549107488398, 34.42794982486777
45.46169921824608, 44.39303780120106
45.46169921824608, 3.641249906556027
45.52727538550186, 62.05189255189255
45.4289111346182, 51.499140315466846
45.52727538550186, 52.303063024151456
45.618353395579334, 35.78278914333336
45.63219725311111, 43.5720088139913
45.743676737445924, 53.36885414553052
45.63656899759482, 53.03301133233106
45.71580686636222, 35.06415655395247
45.745862609687784, 50.85566436586844
45.75679197089708, 52.441553910941664
45.86608558299004, 44.87522253508647
45.93384762248768, 76.39709949914031
45.75679197089708, 34.23777129899579
45.92073238903652, 33.85168572923674
46.030026001129485, 46.427333815088915
45.9863085562923, 44.01683237397523
45.9863085562923, 3.6716503451197298
46.05188472354808, 61.89989035907403
46.07738656636977, 37.21160975582744
46.15024897443174, 52.041610478928256
46.16117833564104, 50.32315001702757
46.117460890803855, 36.14134542705971
45.9863085562923, 35.49837615143738
46.117460890803855, 33.38617901373003
46.29332424844434, 53.33145765798827
46.15024897443174, 45.54673444469363
46.35353509292465, 51.044755093734686
46.44534172708274, 76.25414505589433
46.41255364345485, 32.872357315505994
46.535508957059434, 49.9401044911249
46.52184725554781, 46.72289363445826
46.34697747619907, 44.09156678544433
46.51091789433852, 3.6792504547606484
46.55883893964082, 61.631439453372614
46.44534172708274, 46.049861702922925
46.614746825826835, 37.65960605999478
46.543705977966404, 36.952530462734536
46.64207022885007, 52.353392639106914
46.69671703489656, 51.21134949706378
46.652999590059366, 50.56637765286939
46.41255364345485, 36.42052278786972
46.60928214522218, 32.275929663684764
46.81793358649056, 53.56084278533258
46.67485831247796, 53.03821318515196
46.87158681424529, 38.15151410875415
46.838798730617405, 31.799656126186733
46.926233620291775, 47.207611738223974
46.92987674069487, 30.677091783667734
46.93211866094293, 76.17369525061832
46.96995106512896, 61.299481697440875
46.838798730617405, 50.73406261161362
47.06102907520643, 49.91381374147814
46.80601064698951, 46.69587102240163
47.056392376511575, 38.84463533443124
47.03552723238474, 3.6716503451197298
46.87158681424529, 37.51493857616306
47.101103399640515, 31.296782204945465
47.22757172220523, 50.33523781045646
47.33566430559387, 75.95886548476815
47.29783190140785, 53.87797463307667
47.29783190140785, 53.27756597144352
47.21258288397534, 39.45651325243161
47.28690254019855, 47.81537923617612
47.1338914832684, 38.274949540255655
47.4289842359194, 30.65891586008204
47.49456040317518, 61.02207769554708
47.39619615229151, 40.0472951085196
47.597968974616975, 49.84582415665618
47.560136570430956, 3.622249632453702
47.55545255848411, 48.4873874794741
47.59292465405884, 40.59146295880989
47.82244123945406, 76.06356325889853
47.82244123945406, 75.60288804166355
47.82244123945406, 53.88937479753805
47.82244123945406, 53.19396476539333
47.808389203613544, 48.92378887714164
47.724076988570395, 41.10340634422266
47.888017406709835, 41.694998878672344
47.93537797195012, 30.323545942593555
48.01916974122139, 60.69907303580773
48.122578312663194, 49.95047738801944
47.92080549033773, 49.5245594487577
48.08474590847717, 29.994630086466813
48.08474590847717, 3.603249358351391
48.15500608767979, 48.155092073459414
48.10933697119808, 45.68885649497894
48.05195782484928, 42.28780743066457
48.25961568782591, 47.5926839600309
48.29041661487029, 46.50241368608715
48.270545049035206, 43.93802044336543
48.32618543337344, 42.81106346412468
48.347050577500276, 75.83613902564339
48.347050577500276, 75.3414080790174
48.347050577500276, 53.78297326256509
48.347050577500276, 53.00016196954972
48.39623270294211, 48.98350402432035
48.150322075732944, 43.44302409608532
48.49459695382578, 47.0986768333707
48.47820291201183, 29.500369622818603
48.54377907926761, 60.46726969175948
48.42902078657, 44.9605126543902
48.31426249387239, 44.44623856868754
48.611541118765246, 50.06128642979955
48.5547084404769, 30.352595250554423
48.609355246523386, 3.557648700505837
48.54377907926761, 48.43781615210186
48.49459695382578, 45.71545687872218
48.5765671628955, 47.68895201548263
48.82794247070931, 49.67595845827138
48.5765671628955, 46.27026488250978
48.79296851483956, 42.3536750475526
48.80244062788762, 28.92512576866318
48.871659915546495, 75.648850609492
48.84542944864418, 75.08015250056066
48.871659915546495, 53.59297052154194
48.871659915546495, 52.92036081832
48.970024166430164, 49.17857350510411
48.8498011931279, 41.83686759196963
48.92233240842596, 41.19260202059036
48.95363012461622, 40.475181281303726
49.06838841731383, 60.30006727965911
49.072031537716924, 38.72645235003511
49.03560033368594, 28.381778247667455
49.17221734880214, 50.24210630818988
49.02467097247664, 46.95934148995373
49.02467097247664, 39.94055579089593
49.133964584569604, 3.5348483715830668
49.243258196662566, 74.76054255646092
49.120849351118444, 38.048972946932125
49.19954075182538, 39.39469902735208
49.26511691908116, 30.074431237696537
49.281510960895105, 37.35178955587118
49.330693086336936, 27.839492329288234
49.39626925359271, 75.48128628740874
49.36348116996482, 53.14800219756488
49.31429904452299, 52.62334129535295
49.37659640341598, 49.836844334803516
49.21593479363933, 48.93898909642349
49.40938448704387, 47.39812115322319
49.19954075182538, 42.77421444768383
49.337250703062516, 48.398295581969045
49.232328835453266, 47.97268944207719
49.330693086336936, 41.20859186165308
49.53835094931356, 52.17470561688248
49.55424820198163, 36.65859375480366
49.592997755360045, 60.208865963968
49.494633504476376, 51.03806699725067
49.51102754629032, 40.71458473499289
49.494633504476376, 38.72487603099847
49.6651315393414, 50.33784356233335
49.56020967173215, 46.53373535006188
49.68407576543751, 27.414223972047097
49.65857392261582, 3.496847823378431
49.7241500898716, 74.50467219854974
49.69732347599424, 45.392337065806444
49.6651315393414, 38.05085487884321
49.73234711077857, 36.199359597318775
49.71103485642044, 34.845997216259605
49.73507945108089, 34.15062337511316
49.792706992002636, 44.710761865280816
49.84437306317386, 33.53055093774238
49.83890838256921, 30.211957031199013
49.87169646619709, 51.6916764263703
49.71322072866231, 46.05746181256385
49.7831686404018, 43.93551120081732
49.87716114680175, 37.61120663161479
49.778796895918084, 37.129866354356146
49.82251434075526, 35.6529117141362
49.79441026907421, 32.97100363655965
49.92087859163893, 75.13928135356706
49.98347402401944, 52.732450575016166
49.908267790243585, 42.449787203319374
49.7241500898716, 40.235777827614555
49.7831686404018, 32.39064065186514
49.855302424383154, 31.92125788044155
49.86623178559245, 31.430507943627475
49.82251434075526, 30.978844284966726
49.99301237562029, 43.370063043532426
50.05671493809732, 41.81269200511183
49.88809050801104, 39.70377015274974
50.06296028735978, 36.96806846466709
49.98645475889471, 29.479089315824005
49.855302424383154, 29.124417532580793
49.88809050801104, 28.627877036040296
49.855302424383154, 28.151603498542272
50.117607093406264, 60.16326530612244
50.225339368183604, 52.28289257443775
50.019242842522594, 50.87897136876728
50.15039517703415, 42.885682722417414
50.18318326066204, 26.985746679624228
50.18318326066204, 3.496847823378431
50.311813434894525, 74.26376821039301
50.29347045104675, 41.42885685742828
50.08481900977837, 39.034960504348255
50.18974087738762, 36.27633785068187
50.117607093406264, 44.628641200069765
50.117607093406264, 33.441279808626746
50.40541360525106, 51.55061195747946
50.24875942791782, 32.856071366275444
50.465160779861876, 74.68859485186016
50.48332033387118, 52.91174736072695
50.314335595173596, 30.317634746206167
50.48920537452233, 35.866800514030835
50.614472668382724, 42.38234945389015
50.43455856847585, 36.733213013096396
50.642216431452475, 60.18226558022476
50.70779259870825, 51.92714953764516
50.68593387628966, 40.9058541609562
50.62910119800132, 26.402391216385375
50.478276013313035, 26.99638683312152
50.70779259870825, 3.508247987839823
50.8127144663175, 73.91277565971443
50.79887060878573, 41.601240065768735
50.759316730123516, 35.360560829948575
50.70779259870825, 36.25332037576935
50.96353965100578, 51.754503999401955
50.904521100475584, 25.785689367322014
50.92419395065232, 74.36837689898914
51.009442968084834, 53.3201265854327
50.904521100475584, 52.797239042136994
50.94823854531277, 30.038457385396157
51.11530163808344, 41.99691452669378
50.95916790652207, 35.80382817700601
51.087197566402395, 34.88023390064206
51.12748006914523, 73.40430661013751
51.17994100294985, 60.30513401941973
51.19024582923291, 52.024219999230404
51.16682576949869, 40.81892338306332
51.16682576949869, 40.361939647653934
51.22584432002889, 29.933069198375314
51.14223470677778, 25.320562657297344
51.23240193675447, 3.5956492487104725
51.24333129796376, 35.30584004053391
51.4291304385218, 73.88689185773734
51.4291304385218, 34.42397398519847
51.49470660577758, 53.73154585399483
51.49470660577758, 52.9507612568837
51.625858940289135, 41.842441005706306
51.62221581988604, 33.28815167363919
51.56028277303336, 24.883894135594808
51.69143510754491, 60.46954972465176
51.6761340018519, 52.1841635311023
51.69143510754491, 40.26820496208251
51.66957638512632, 39.86590582508949
51.461918522149695, 34.93090129824823
51.69507822794801, 29.853352492808263
51.75701127480069, 34.07360893075179
51.75701127480069, 3.736251277067595
51.95738289697112, 73.47527957051766
51.724223191172804, 34.47489471979267
51.97997024347033, 32.83144701103885
52.00620071037264, 53.89145216083991
52.0193159438238, 53.01767841272214
51.85537552568436, 32.020059305773586
51.910022331730836, 24.372539457087555
52.15046827833535, 41.80444045750168
52.18325636196324, 39.545977400204805
52.155152290282196, 33.49339484616452
51.97013381838197, 31.427250753781358
52.04117466624239, 23.80940752369324
52.21604444559113, 60.53947073334828
52.21604444559113, 52.547955445914624
52.18325636196324, 40.140016446138894
52.084892111079576, 30.857242530711915
52.24287105946849, 29.647489320958712
52.155152290282196, 23.22586386726328
52.3034793352655, 73.04436541754326
52.084892111079576, 33.95808726420971
52.28162061284691, 3.9414542373725965
52.18325636196324, 30.31003463656524
52.457483970487395, 29.179427849981778
52.45284727179254, 32.804897294693205
52.501769174348446, 22.794715334490427
52.54392528187002, 54.159178689790934
52.581757686056044, 52.91960915912475
52.572029353551066, 39.104157693078974
52.54392528187002, 28.4670080486407
52.5985720879165, 32.21208874270098
52.67507761638157, 41.82800079738855
52.47834911461424, 33.36527871221748
52.68912965222209, 27.83457035352079
52.728042982242, 72.66619732464092
52.74065378363735, 60.55847100745059
52.511137198242125, 40.09897585407789
52.81091396283996, 27.196161143683007
52.80258683049003, 22.592955689165592
52.806229950893126, 4.169457526600382
52.93738228540468, 72.0346365652488
52.955597887420176, 31.18691839780275
52.868162997745806, 29.2843013205825
52.90459420177679, 26.65217022716213
52.93738228540468, 32.76740342046464
53.068534619916235, 54.421382472402875
53.08383572560925, 53.20359157093851
53.068534619916235, 38.945279210585326
53.03574653628834, 38.35543832045289
52.93738228540468, 31.78445590690488
52.8718061181489, 28.881214024071163
52.95924100782327, 26.09450715573164
53.02263130283718, 25.391243676957956
53.19968695442779, 41.80900052328623
53.12755317044643, 28.340086217637236
53.18563491858727, 27.740142868839243
53.068534619916235, 24.71128720108311
53.26526312168357, 72.58184445939547
53.26526312168357, 60.55467095263013
53.14066840389759, 24.120505344995138
53.19968695442779, 21.858712715855567
53.176266894693576, 21.07380234493936
53.34176865014864, 30.752529908992493
53.1887575932185, 23.304422460885036
53.19968695442779, 22.588323241384458
53.330839288939345, 4.43546136403279
53.26526312168357, 32.40766489746081
53.501337323804364, 71.79751314445191
53.29805120531145, 31.307169021454726
53.52756779070668, 37.851876770244104
53.593143957962454, 54.67978620019436
53.593143957962454, 53.53565302799996
53.593143957962454, 38.56628707649115
53.51663842949738, 27.146169311378245
53.62593204159034, 20.68981585308115
53.76364199282747, 41.97728866533531
53.750526759376314, 30.248929755052195
53.83358990456696, 72.18157201830671
53.78987245972978, 60.55087089780967
53.691508208846116, 30.82278870033972
53.78987245972978, 26.564736796515213
53.855448626985556, 4.739465749669833
53.92102479424133, 42.35435061285401
53.84139659114504, 20.082458519776303
53.98660096149711, 71.56062496514392
54.05217712875289, 37.47693802795844
53.97254892565659, 19.53773229408381
54.14325513883036, 54.87069371617476
54.09316223328775, 54.14216892059457
54.117753296008665, 53.258565697341204
54.117753296008665, 38.3015499239989
54.05217712875289, 26.113471238835665
54.05217712875289, 70.94782088659639
54.1964446967156, 29.81268346166305
54.111195679283085, 19.074032543420294
54.08496521238078, 30.333679422114784
54.33534694190284, 72.45830813177751
54.314481797776, 60.569871171911984
54.25983499172951, 18.526728139944844
54.380057965031774, 5.0814706835114976
54.44563413228755, 42.67921307717226
54.41284604865967, 71.82487353915926
54.41284604865967, 25.60074612785983
54.51121029954333, 25.058612211673434
54.43158209644703, 17.960631991452487
54.576786466799106, 37.24513468391019
54.60361308067647, 29.337957582855537
54.66786447687658, 55.157326422632536
54.609574550427, 54.508783733273525
54.642362634054884, 38.0175591604163
54.63143327284559, 29.70878151830533
54.66057823607038, 17.348188386737135
54.85170193721756, 72.7303389093028
54.642362634054884, 72.14103810022176
54.839091135822216, 60.59647155565523
54.84273425622531, 24.614343580329965
54.87187921945011, 16.72393387845281
54.90466730307799, 5.450076001096406
54.937455386705885, 43.19982058757569
55.06264625146691, 28.8659216822482
54.97024347033377, 24.883556352944105
55.101395804845325, 37.04753183324611
55.211682995230035, 55.37105071798949
55.06860772121744, 54.82494829433604
55.1669719721011, 37.78220909853562
55.1669719721011, 29.177618300067273
55.1669719721011, 24.135325558794946
55.101395804845325, 16.11809656707615
55.22786412741004, 43.72878821858413
55.363700473868434, 72.97971019909795
55.363700473868434, 60.54327078816874
55.29812430661266, 15.657023248859971
55.33091239024054, 24.4427499937704
55.42927664112421, 5.87948219580872
55.39648855749632, 44.227355411028874
55.521083275282294, 28.37940411817962
55.472994085961396, 23.692872509199034
55.49485280837999, 15.094904663417779
55.55678585523267, 45.73656829439142
55.62600514289154, 36.91452991452991
55.72941371433335, 55.58729775370277
55.527640892007874, 55.12692598406883
55.566986592361346, 44.67728190177169
55.69158131014732, 37.59714642877908
55.65879322651943, 28.762145639696655
55.65879322651943, 14.588664979335519
55.737484627226365, 23.970935187261716
55.65879322651943, 23.084863737924955
55.89767783580833, 73.24413972810474
55.88830981191465, 60.45966958211856
55.88830981191465, 46.54386882958311
55.75059986067752, 45.157608831078214
55.95388597917043, 27.908399990032635
55.88830981191465, 13.998751707206523
55.88830981191465, 6.334222089324129
55.986674062798315, 22.59318731155465
56.0303915076355, 13.418489367954862
56.01946214642621, 45.76865764620866
56.15061448093776, 36.8233285988388
56.15061448093776, 28.33231721667096
56.2571757527284, 55.899060932588625
56.11782639730987, 55.46437085212595
56.21619064819354, 37.42753731529241
56.15061448093776, 23.48175835250664
56.22712000940283, 12.806813242187403
56.281766815449316, 27.339911788891378
56.347342982705094, 6.882696668410944
56.457630173089804, 73.57262238894891
56.3145548990772, 73.08953178340933
56.41291914996087, 60.21266601878847
56.41291914996087, 46.901073982706635
56.3145548990772, 22.094620119109905
56.396525108146925, 12.233173855622823
56.47849531721665, 23.074730258403726
56.692878940937455, 56.39138378586685
56.714569519337445, 36.81674183715
56.67522381898398, 27.874199496648473
56.601450630821226, 11.62860322918631
56.69708254140257, 55.897070427682664
56.69708254140257, 37.23035669294172
56.74079998623975, 26.906832207852617
56.64243573535609, 21.598137528166674
56.67522381898398, 7.421399677959442
56.74079998623975, 11.081757245022544
56.80637615349553, 9.01832747751115
56.871952320751305, 57.00541975031771
56.93752848800708, 73.92326381101891
56.708011902611865, 73.23545388851511
56.83916423712342, 59.80454013107074
56.93752848800708, 47.21233466350084
56.89162517092804, 10.610550447285135
56.93752848800708, 7.978982324949271
57.0522867807047, 58.89024694126735
57.08273285835916, 57.47499795313206
56.93752848800708, 21.124107832562636
56.970316571634974, 59.43365478059356
57.0522867807047, 8.416652130937848
57.18343911521625, 58.09603548379058
57.19983315703019, 36.797632990052804
57.19983315703019, 10.06877120288199
57.24454418015913, 9.408351285902299
57.269052444689066, 56.22809742537633
57.26540932428597, 26.42713862101617
57.232621240658084, 20.68647180483915
57.31131264136502, 9.060996664495207
57.29819740791386, 57.03202013406094
57.4621378260533, 74.12086666168298
57.41742680292437, 47.253028150987326
57.39656165879752, 57.548827589643906
57.65886632782063, 47.135410696635184
57.593290160564855, 20.20188881413371
57.72444249507641, 36.72452717350676
57.62607824419275, 10.519349131594026
57.79254082261126, 56.445391891007496
57.79001866233219, 25.972905401476822
57.72808561547951, 16.846018179351518
57.82280674596008, 8.782181213668082
57.98674716409952, 74.26906879968104
57.87901488932217, 11.01009906840811
58.02890327162109, 19.782797053934075
57.96488844168093, 17.592517837415784
57.953959080471634, 16.234631581570355
58.144129965513386, 47.21774521774522
58.06325269256459, 15.692490427184296
58.08511141498319, 11.532697083717494
58.24905183312263, 36.63061153294389
58.17691804914127, 15.267897635244566
58.18347566586685, 12.064704758582309
58.314628000378406, 56.67461593044683
58.314628000378406, 25.559966110986515
58.21626374949474, 18.082978246243556
58.27091055554122, 14.738254438934689
58.28183991675051, 12.611912652728975
58.33921906309932, 19.21387456081333
58.3328436023939, 13.923072308559824
58.36927480642489, 13.199654464960574
58.51135650214574, 74.46287159552465
58.38020416763418, 18.507064364207217
58.45233795161554, 20.040766489746076
58.51135650214574, 20.612294734743706
58.70808500391307, 47.53948319254441
58.81149357535487, 36.45637971540639
58.576932669401515, 36.08611796366898
58.64250883665729, 21.189903067454082
58.839237338424624, 57.00111302152118
58.87798689180304, 25.253691562729465
58.881393445946195, 24.681610582485213
58.79551989358744, 21.894179894179892
58.87202542205251, 22.466721487129647
59.08067686332089, 74.61308068888243
58.9638320562106, 23.99282350302758
58.97038967293618, 23.45473574045002
58.990062523112904, 22.94096832872342
59.06875392381984, 25.94453165881737
59.13433009107562, 47.92404874037527
59.32450097611737, 36.50694689178654
59.25455306437788, 36.126651881753915
59.20810327923837, 30.097231566619314
59.31317418359138, 28.886741376537294
59.199906258331396, 26.455259026687592
59.391950748151885, 57.38900814119472
59.16711817470351, 57.00161969549724
59.256114401693495, 30.948443846403023
59.24362370316858, 29.482467142331075
59.26548242558717, 26.98422665769604
59.42942284372662, 24.621352570332157
59.39663476009873, 31.655254043009137
59.36384667647084, 27.490393959781713
59.54292005628469, 74.76560929622154
59.42942284372662, 48.42869602053275
59.462210927354505, 32.5799340493218
59.449095693903345, 28.060402182851156
59.57879078025367, 33.373240731841314
59.73460423749389, 35.766523609537735
59.65893942912184, 34.311492362512766
59.724515596377614, 48.92726321297749
59.82287984726128, 36.46775204063834
59.68079815154043, 35.022102613939346
59.933167037645994, 57.847304622814825
59.80797617288496, 57.126906351396144
59.921244098144946, 24.190860645671137
59.85566793088917, 49.401510054571276
60.0523964326565, 74.91471620917685
60.11797259991228, 49.9122374224415
60.3256304628889, 36.0911847034296
60.21633685079594, 50.561793459752636
60.28191301805172, 36.412922678228796
60.45678279740046, 58.171529906223775
60.40213599135398, 57.54207193662975
60.24912493442383, 51.25593680695721
60.31470110167961, 51.955146893922404
60.57196145014458, 74.9291257943422
60.502061579553256, 52.67172866006685
60.67537002158638, 53.20916498467518
60.821823461790956, 36.13070527356241
60.79559299488864, 55.001946403306945
60.92237358491648, 58.3297810780804
60.982385713738424, 57.41396018947039
61.054774989280524, 54.222151026815745
60.97046277423738, 53.657571453489815
61.13440319237682, 74.95063577497979
61.232767443260485, 55.72045835602687
61.30490122724184, 59.108370087961916
61.33113169414415, 36.0926323433612
61.36391977777204, 53.979309428289014
61.4877858714774, 58.295552436141996
61.429495945027824, 57.77031649917947
61.4622840286557, 56.99781964067678
61.56720589626495, 59.667738157534075
61.6143015072941, 75.05118917363815
61.65901253042304, 56.15547415547415
61.900452055319306, 74.79324605855217
61.89945847702755, 59.31711976609935
61.855741032190366, 36.05191747028481
61.98689336670192, 58.500614653675875
61.757376781306704, 57.85283197528095
61.82295294856249, 56.576013555605385
62.052469533957705, 60.22026612842939
62.358491647818, 74.89177111626091
62.44592653749237, 74.55787296603623
62.380350370236584, 59.631257631257625
62.380350370236584, 36.04051730582342
62.51150270474814, 58.68124392614188
62.57707887200392, 60.60787172011661
62.87685563660176, 74.75764727659771
62.9049597082828, 59.98086267474022
62.9049597082828, 36.049655532891684
63.03611204279436, 58.83577948884071
63.10168821005014, 60.97647703770153
63.30934607302676, 74.41093751297832
63.265628628189575, 74.88721105047635
63.42956904632902, 60.32286760858189
63.42956904632902, 36.11624696974551
63.560721380840576, 58.98524831177892
63.62629754809636, 61.36028257456829
63.823026049863685, 74.15886720988762
63.95417838437524, 60.710473200269114
63.95417838437524, 36.09371807330991
64.0853307188868, 59.125850340136054
64.15090688614258, 61.74788816625551
64.3476353879099, 73.88526326281428
64.44599963879357, 61.149108099545415
64.47878772242146, 36.0994181555406
64.60994005693301, 59.20945154618624
64.70101806701048, 62.11564902721365
64.87224472595612, 73.43685679399965
64.90503280958401, 61.62248635718023
65.01233926509347, 36.226275829774366
65.05804386651415, 63.99372056514913
65.13454939497923, 59.21799262178271
65.22635602913732, 62.47673868082031
65.35313661916514, 73.09105180533751
65.29848981311868, 62.04809249707208
65.39685406400234, 64.44972714360469
65.49990232683285, 36.28806373412787
65.67227396647661, 72.70040616979392
65.67227396647661, 62.90538486456853
65.6985044333789, 59.208691535222144
65.59358256576967, 62.397697540554674
65.75752298390911, 64.8996536343475
66.06155794118591, 72.17972956748466
66.08071980824116, 63.37171104767939
66.05261573656011, 36.49786295121572
65.95425148567644, 72.71864643293215
66.08540382018799, 65.35566021280306
65.98703956930433, 62.85370411901024
66.18376807107167, 59.23388047003206
66.35963142871216, 63.94136864107709
66.37797441255994, 71.59149171080097
66.53847552122792, 65.7541823256109
66.57722507460633, 64.40691319262747
66.3477084892111, 63.446512671002466
66.57722507460633, 36.60889693396981
66.54443699097844, 71.01622187336473
66.73387925193957, 67.50666013251046
66.70837740911789, 64.93233410580349
66.7236785148109, 59.149782240938706
66.71306142106472, 70.47769981880768
66.84847194825522, 66.84188632876679
66.74116549274576, 66.18255214173581
66.77395357637366, 64.08492188084024
66.87960406806351, 69.8745165139723
66.93060775370691, 69.36446471140349
66.83952974362944, 65.60494380902544
67.09363739174557, 68.87679100944406
67.10183441265255, 36.61323985376463
67.13462249628043, 68.41394433231167
67.229343626761, 67.81854611333068
67.06904632902466, 67.45937056141138
67.00347016176887, 64.90573372206025
67.20488267548306, 59.19696565177614
67.63955898414991, 58.974608158281626
67.59833967901773, 36.743760104026656
67.75759608521031, 67.92297724950785
67.77945480762891, 59.361031510691376
67.89967778093117, 64.67266369307185
68.188885492931, 58.99212460145405
68.15105308874497, 37.02169146046697
68.28220542325653, 68.1547805935561
68.29313478446583, 65.02846141848408
68.336852229303, 59.29516389380335
68.54451009227964, 40.61958336448132
68.67566242679119, 58.677443871321415
68.67566242679119, 37.23120114956849
68.80681476130275, 68.40938426652713
68.80681476130275, 65.20783808028705
68.80681476130275, 59.30445291669781
69.06911943032586, 40.77158555729984
69.21432380067795, 58.8039314103454
69.24398920967461, 37.3718876235883
69.33142409934896, 68.64878772021629
69.33142409934896, 65.40189421311871
69.33142409934896, 59.22465176546809
69.59372876837207, 40.995788791707156
69.72488110288363, 37.614120006977146
69.85603343739518, 68.87679100944406
69.81668773704172, 65.55630310732352
69.85603343739518, 59.06884951782911
70.11833810641829, 41.33779372554882
70.13145333986945, 38.117301551703875
70.19484363488337, 37.68720772802405
70.21670235730195, 43.04275165499654
70.3572227157072, 38.87007431613845
70.3806427754414, 69.1199945179537
70.3806427754414, 65.89754803020108
70.40031562561813, 59.06135074298339
70.52272447116225, 40.325531503374066
70.5565061330819, 39.29935219731138
70.68765846759345, 43.420914686220804
70.6663675041987, 41.63781710137395
70.64294744446451, 40.96032161338283
70.54458319358085, 38.2506291894047
70.64950506119008, 59.71941890309237
70.74131169534817, 44.763140110078886
70.8232819044179, 42.17000573123022
70.6757355280924, 60.23419966277109
70.80688786260396, 39.83753208243004
70.90525211348762, 69.34799780718147
70.90525211348762, 66.18255214173581
70.90525211348762, 58.88112680969823
70.87246402985973, 42.873015873015866
70.94532643792171, 44.133484003908364
70.74131169534817, 38.70055568014751
70.91180973021319, 60.69831302484363
70.94740822100918, 40.5860032882107
70.80688786260396, 39.30856445142159
71.10198061525494, 45.571158198396844
71.10198061525494, 41.50358468871588
71.2331329497665, 59.60592393245454
71.2768503946037, 44.66157500851378
71.20034486613862, 61.25160100670304
71.22657533304093, 42.366848570930195
71.42986145153384, 69.54940071266601
71.42986145153384, 66.55875756896165
71.42986145153384, 58.76864518701253
71.50855285224077, 60.0783467477345
71.58651562886709, 46.11826268969126
71.36428528427805, 43.00221773691161
71.5282257024175, 61.7380080237223
71.65209179612286, 45.4505789834588
71.46264953516173, 43.3518227803942
71.68560850383138, 44.96912611198325
71.88889462232427, 60.676272706884944
71.95447078958006, 69.72800328922777
71.95447078958006, 66.676559268396
71.92168270595216, 62.25220972742838
71.95447078958006, 58.61284293937355
72.02004695683583, 59.93906207171513
72.1293405689288, 46.28377618853808
72.16431452479854, 45.63550372529965
72.21677545860317, 45.396758947779354
72.41350396037049, 62.777703022600974
72.41350396037049, 60.80420788584054
72.47908012762628, 69.94840646881462
72.24956354223104, 66.79056091300988
72.47908012762628, 58.3506391567616
72.54465629488205, 60.17466547058383
72.63209118455642, 46.50941499921091
72.53809867815647, 45.915593099266566
72.74138479664938, 45.43805287682838
72.84571051728356, 63.0853923098821
72.9818307432539, 60.69561076363797
73.0036894656725, 70.15740948394009
73.0036894656725, 58.07779522065236
73.06926563292826, 60.39228194330235
73.1479570336352, 63.5255538112681
73.13484180018405, 47.03559592335102
73.2659941346956, 67.23136727218359
73.2659941346956, 45.669856220876625
73.50055504064895, 60.8671523836359
73.5282988037187, 70.34361217014278
73.55512541759607, 63.96332012658543
73.56613120790473, 57.997039183852365
73.64852177702096, 60.60576057854969
73.65945113823025, 63.59851486382098
73.65050893360447, 47.33096382075973
73.79060347274181, 67.56577209638434
73.79060347274181, 45.94346016794996
73.96391191477494, 64.58001473744913
74.01543604619019, 61.00101453454222
74.05290814176492, 70.52981485634547
74.05290814176492, 58.389906389906386
74.05290814176492, 57.53742742518252
74.17937646432964, 63.97200596617506
74.18406047627647, 47.61168423413321
74.24963664353226, 77.61125579034783
74.31521281078803, 67.94767760584087
74.31521281078803, 46.30826543071441
74.31521281078803, 65.14893723056989
74.57453674493588, 77.18198354933048
74.54977371674138, 61.25019790953857
74.31521281078803, 60.87767561236949
74.57751747981114, 70.68941715880491
74.57751747981114, 58.711644364705585
74.49554727074141, 57.08522090154743
74.70866981432269, 78.08052378460542
74.70866981432269, 64.3357254989908
74.70866981432269, 47.877688071565615
74.74145789795058, 65.64403008717878
74.83982214883424, 68.26118212852906
74.77424598157847, 46.858006694741384
74.93818639971792, 56.64550027232242
74.99183962747264, 77.54402513586187
75.03655065060158, 61.55256534848371
74.83982214883424, 61.060078243751704
75.10212681785735, 70.81861902270064
75.10212681785735, 59.01944880516309
75.18956170753172, 56.277075909728964
75.25295200254564, 77.88185691859161
75.10212681785735, 65.96974907178989
75.23327915236891, 64.70053076175525
75.23327915236891, 48.12469163489571
75.00376256697369, 47.15187760085719
75.33164340325257, 68.67104518416471
75.5611599886478, 61.83604943809025
75.62673615590357, 70.92122050285315
75.62673615590357, 59.319653135979664
75.62673615590357, 55.90720390720391
75.75788849041513, 65.06153596969924
75.75788849041513, 48.394495527148585
75.81034942421975, 69.06451371757494
75.94993298023562, 48.83113992151893
76.08576932669402, 62.097493209738104
76.00614112359771, 55.41211105059501
76.15134549394979, 71.03142209264658
76.15134549394979, 59.66165806982133
76.22056478160867, 55.00757611415207
76.23003689465672, 49.16134658991801
76.28249782846135, 65.42634123246367
76.31528591208924, 69.54831498271732
76.39959812713238, 40.30381690439999
76.48391034217552, 54.530498332247596
76.61037866474022, 62.32549649896588
76.61037866474022, 49.686514166105994
76.67595483199601, 71.14922379208093
76.67595483199601, 59.996062894022074
76.7196722768332, 40.808174656571154
76.57759058111235, 49.10763914845547
76.67595483199601, 69.97500685255787
76.80710716650756, 65.83294709825321
76.7087429156239, 53.981842798169325
76.8352112381886, 39.865202685694136
76.87268333376333, 50.33379017052486
76.90547141739123, 53.48023556186821
77.13498800278644, 62.54209962373227
76.90547141739123, 49.58391268595349
77.20056417004223, 71.27842565597668
77.20056417004223, 60.28486706037726
77.10219991915856, 52.99484189280108
77.10219991915856, 50.79052056894622
77.18234856802673, 40.94816143795735
77.22398422977643, 40.48313813078494
77.18651213420169, 52.480640189095
77.33171650455378, 66.25475318332461
77.23335225367012, 51.4446728630402
77.33171650455378, 39.99583150895104
77.31532246273984, 52.03114799033166
77.5284450063211, 70.46336818348479
77.65959734083266, 62.75110263885774
77.75140397499077, 71.26347877368285
77.72517350808845, 60.60787172011661
77.60495053478618, 40.62664060914789
77.8563258426, 66.71075976178017
77.65959734083266, 40.25705813460915
77.98747817711156, 70.56401534972963
78.18420667887888, 62.948705489521814
78.02026626073945, 71.50262889038399
78.24978284613466, 60.99547731180384
78.38093518064622, 67.12876579203109
78.51208751515777, 70.77681841967556
78.7088160169251, 63.10070768234033
78.77439218418088, 61.35648251974782
78.87275643506455, 67.60702983443508
79.03669685320399, 71.05042236674889
79.1163250563003, 68.94464913123805
79.23342535497132, 63.260309984799775
79.2990015222271, 61.6870872891281
79.38279329149837, 68.06737933268545
79.56130619125021, 71.33162642346315
79.62688235850598, 69.30619720415638
79.71431724818035, 63.41104549267814
79.8236108602733, 62.063292716353935
79.8563989439012, 68.43869897514212
80.08591552929641, 71.5634297675114
80.19083739690566, 69.6117216117216
80.1514916965522, 63.53011387705265
80.33510496486836, 70.6483765667439
80.32198973141722, 68.90947148090005
80.34822019831952, 62.41289775983653
80.54963271203371, 71.50176030642503
80.61872188824961, 70.87561984500759
80.7198184794356, 69.94598167192919
80.58866614492405, 69.34106119917587
80.91654698120294, 62.602900500859676
81.17447990574232, 70.75234606663177
81.12201897193769, 70.1005896166246
81.2990746235283, 62.378154401478014
81.37120840750964, 63.26654207470534
81.43022695803985, 62.69844473634561
81.63291692955771, 70.81944812557057
81.88926012883029, 62.88193309767654
82.13517075603946, 70.8338192419825
82.22650898900285, 70.54718653552473
82.38108138324863, 63.3401111360295
82.77453838678328, 70.6590167202412
82.90569072129483, 63.72011661807579
83.2991477248295, 70.68055036422383
83.43030005934105, 63.82651815304876
83.54058724972577, 70.25621090927213
83.95490939738727, 64.08872193566071
84.02048556464305, 70.35121227978371
84.47951873543349, 64.5105280207321
84.54509490268927, 70.58681567865241
85.03223214516075, 64.79064634749766
85.06970424073549, 70.83001918716204
85.50323556870423, 65.10164765947079
85.59431357878171, 71.07702275049213
85.98777058231636, 65.5948103295042
86.11892291682791, 71.34302658792454
86.4468037531068, 66.1217512646084
86.64353225487413, 71.60143031571603
87.01075879150648, 66.50913971030589
87.16814159292035, 71.85603398868705
87.29273631070633, 66.15823179088486
87.51688757332607, 66.72146900718329
87.69275093096657, 72.10303755201714
87.95505559998968, 67.27190119026854
88.21736026901279, 72.37284144427001
88.28293643626857, 67.88497670130323
88.57802918891956, 68.28626249034411
88.741969607059, 72.64264533652289
88.97148619245422, 68.7703894744711
89.26657894510522, 72.92764944805761
89.37150081271446, 69.29859709451546
89.5944597813841, 69.75460367297102
89.79118828315144, 73.20125339513095
89.98791678491877, 70.36641249906556
90.31579762119766, 73.47105728738381
90.30174558535712, 70.80776172321362
90.64367845747654, 71.35062669756547
90.84040695924388, 73.70286063143206
90.93877121012754, 71.69516500128745
91.288510768825, 72.23561724241996
91.3650162972901, 73.98026463332586
91.67884509772846, 72.7664185506751
91.8896256353363, 74.20826792255363
92.14537268763385, 73.28713463407341
92.45795241821972, 74.24711292738503
92.38144688975464, 73.67930029154519
92.58413686127248, 75.47126796106387
92.80769197691718, 74.80740989924664
92.88638337762413, 76.06512671002466
92.7858332544986, 74.25893532015981
93.29482921938867, 76.3377876230854
93.79133448575385, 76.68894370935186
94.33359894575354, 76.76658175245302
94.84055316184629, 76.90033533036448
95.3214450550553, 77.06192813772988
95.88977183793871, 77.21791134036032
96.38815070908261, 77.18751090179661
96.95429161972416, 77.12062993695646
97.45423182818368, 77.03333724908069
98.0035102958166, 76.9017467792978
98.4901190856582, 76.91156845944914
98.74233511356502, 76.63885536771834
98.70954702993713, 76.22989708703994
99.16858020072758, 76.7141326441618
99.4687172739367, 76.19006471753724
99.6931895387738, 76.78307649590448
99.97423025558426, 76.11480971247735
99.96205182452248, 75.66140888589868
100.2615163216572, 76.62474087838518
100.58351211728493, 75.91536947266931
100.74240821486623, 76.63216003303467
101.09298849365672, 76.12817254261523
100.90634863300566, 79.86274949540255
101.16136706122258, 75.64722201456895
101.31172857604139, 76.75361373320557
101.6604745564471, 75.75869028930254
101.72605072370288, 76.91390695472327
101.72605072370288, 76.42967139760142
